<?xml version="1.0"?>
<!DOCTYPE hibernate-mapping PUBLIC "-//Hibernate/Hibernate Mapping DTD 3.0//EN"
"http://www.hibernate.org/dtd/hibernate-mapping-3.0.dtd">
<!-- Generated 7 Oct, 2018 12:12:03 PM by Hibernate Tools 4.3.1 -->
<hibernate-mapping>
    <class name="ajj.Hb" table="hb" catalog="my_db1111" optimistic-lock="version">
        <id name="id" type="int">
            <column name="id" />
            <generator class="assigned" />
        </id>
        <property name="name" type="string">
            <column name="name" length="30" not-null="true" />
        </property>
        <property name="type" type="string">
            <column name="type" length="50" not-null="true" />
        </property>
    </class>
</hibernate-mapping>
